epoch,batch,encoded.0.weight,encoded.1.weight,encoded.4.weight,encoded.5.weight,encoded.8.weight,encoded.9.weight,encoded.12.weight,confidence.0.weight,confidence.3.weight,confidence.4.weight,confidence.7.weight,confidence.8.weight,bounding_box.0.weight,bounding_box.3.weight,bounding_box.4.weight,bounding_box.7.weight,bounding_box.8.weight,classes.0.weight,classes.3.weight,classes.4.weight,classes.7.weight,classes.8.weight
0,0,0.000458252354292199,0.0786871612071991,0.0464731901884079,0.04669950157403946,0.020280811935663223,0.03109421394765377,0.01304623857140541,0.0,0.0,0.0,0.0,0.0,0.0,0.0,0.0,0.0,0.0,0.033919647336006165,0.015651853755116463,0.0286041721701622,0.01669110730290413,0.02915310300886631
0,1,0.003799403551965952,0.09431105852127075,0.02778051793575287,0.05200335010886192,0.03027234971523285,0.03073158487677574,0.00974928680807352,0.0,0.0,0.0,0.0,0.0,0.0,0.0,0.0,0.0,0.0,0.03483499959111214,0.017191672697663307,0.02577826753258705,0.01978228986263275,0.027246415615081787
0,2,0.003453730372712016,0.08521005511283875,0.03286655992269516,0.05144054442644119,0.017519133165478706,0.03457874804735184,0.0191491786390543,0.0,0.0,0.0,0.0,0.0,0.0,0.0,0.0,0.0,0.0,0.03987465798854828,0.01962658204138279,0.034505292773246765,0.02652508020401001,0.038310907781124115
0,3,0.00020587629114743322,0.08762112259864807,0.04110855236649513,0.0500786229968071,0.024737969040870667,0.032601915299892426,0.019878113642334938,0.0,0.0,0.0,0.0,0.0,0.0,0.0,0.0,0.0,0.0,0.039819810539484024,0.017659425735473633,0.030364731326699257,0.020797302946448326,0.03368652984499931
0,4,0.0019770998042076826,0.08368634432554245,0.04378480091691017,0.04623322933912277,0.021121127530932426,0.030853739008307457,0.014644315466284752,0.0,0.0,0.0,0.0,0.0,0.0,0.0,0.0,0.0,0.0,0.03698194399476051,0.015216808766126633,0.027519196271896362,0.016574477776885033,0.03609471768140793
0,5,0.0019450837280601263,0.07861034572124481,0.023561669513583183,0.049912020564079285,0.03381304442882538,0.033043257892131805,0.014008107595145702,0.0,0.0,0.0,0.0,0.0,0.0,0.0,0.0,0.0,0.0,0.03612961620092392,0.015490902587771416,0.02656356245279312,0.01710367761552334,0.033027902245521545
0,6,0.0017603480955585837,0.102236807346344,0.04577281326055527,0.052128199487924576,0.021060436964035034,0.03107907623052597,0.015536732040345669,0.0,0.0,0.0,0.0,0.0,0.0,0.0,0.0,0.0,0.0,0.033813007175922394,0.014468716457486153,0.02713458053767681,0.022806940600275993,0.031000126153230667
0,7,0.0040826862677931786,0.08731589466333389,0.024710075929760933,0.052163705229759216,0.028566909953951836,0.03529737889766693,0.019022434949874878,0.0,0.0,0.0,0.0,0.0,0.0,0.0,0.0,0.0,0.0,0.04226053133606911,0.01732766442000866,0.031969353556632996,0.01980767212808132,0.03329452872276306
0,8,0.004016699269413948,0.0863511860370636,0.012382267974317074,0.04958239570260048,0.02278749644756317,0.03142385184764862,0.015116437338292599,0.0,0.0,0.0,0.0,0.0,0.0,0.0,0.0,0.0,0.0,0.036625608801841736,0.023319024592638016,0.02906365878880024,0.018895182758569717,0.029738768935203552
0,9,0.0019074674928560853,0.07731660455465317,0.02755334973335266,0.05018185079097748,0.021188322454690933,0.03011963702738285,0.009985243901610374,0.0,0.0,0.0,0.0,0.0,0.0,0.0,0.0,0.0,0.0,0.035123586654663086,0.015216200612485409,0.02782691828906536,0.02168268896639347,0.028277236968278885
0,10,0.0015931610250845551,0.090358205139637,0.039439961314201355,0.050891194492578506,0.02624996192753315,0.033181361854076385,0.012972304597496986,0.0,0.0,0.0,0.0,0.0,0.0,0.0,0.0,0.0,0.0,0.03322051838040352,0.017428752034902573,0.0259333997964859,0.017231717705726624,0.03048783540725708
0,11,0.00011288878158666193,0.0676642507314682,0.025874551385641098,0.049955278635025024,0.026381850242614746,0.027405589818954468,0.014716672711074352,0.0,0.0,0.0,0.0,0.0,0.0,0.0,0.0,0.0,0.0,0.03061944991350174,0.015446800738573074,0.02635335363447666,0.014253873378038406,0.02760734036564827
0,12,0.002076836535707116,0.07260192930698395,0.04468578100204468,0.045015837997198105,0.03064594604074955,0.029880888760089874,0.012681080959737301,0.0,0.0,0.0,0.0,0.0,0.0,0.0,0.0,0.0,0.0,0.03718180954456329,0.017178859561681747,0.026562213897705078,0.015574317425489426,0.028528209775686264
0,13,0.0014964790316298604,0.07477319240570068,0.04463809356093407,0.05511040613055229,0.02221575565636158,0.032108891755342484,0.01578359119594097,0.0,0.0,0.0,0.0,0.0,0.0,0.0,0.0,0.0,0.0,0.037964388728141785,0.01826448366045952,0.03047366999089718,0.02014274336397648,0.03350847214460373
0,14,0.0004080951039213687,0.06370726227760315,0.03135549649596214,0.048363614827394485,0.021906878799200058,0.02763289213180542,0.015221747569739819,0.0,0.0,0.0,0.0,0.0,0.0,0.0,0.0,0.0,0.0,0.03150826692581177,0.01830652356147766,0.024115391075611115,0.015194082632660866,0.029515471309423447
0,15,0.0010783481411635876,0.061590421944856644,0.045350126922130585,0.04286683723330498,0.016424518078565598,0.026427192613482475,0.014175467193126678,0.0,0.0,0.0,0.0,0.0,0.0,0.0,0.0,0.0,0.0,0.03275836259126663,0.009791333228349686,0.024999678134918213,0.01529810018837452,0.03234332054853439
0,16,0.0010177111253142357,0.0641893669962883,0.045958954840898514,0.04600213095545769,0.023442348465323448,0.03026764653623104,0.014206822961568832,0.0,0.0,0.0,0.0,0.0,0.0,0.0,0.0,0.0,0.0,0.03407563641667366,0.013726169243454933,0.024637222290039062,0.017557015642523766,0.027638832107186317
0,17,0.0007885783561505377,0.06682724505662918,0.033867210149765015,0.045116230845451355,0.023614928126335144,0.02893078699707985,0.011005481705069542,0.0,0.0,0.0,0.0,0.0,0.0,0.0,0.0,0.0,0.0,0.030924171209335327,0.01637454330921173,0.027269402518868446,0.022205978631973267,0.03961528092622757
0,18,0.0027615961153060198,0.07582303136587143,0.037583354860544205,0.05517357960343361,0.02609037607908249,0.029484745115041733,0.014650492928922176,0.0,0.0,0.0,0.0,0.0,0.0,0.0,0.0,0.0,0.0,0.031621772795915604,0.012755606323480606,0.02540152706205845,0.01990947499871254,0.03230377286672592
0,19,0.0026670850347727537,0.055774230509996414,0.026043646037578583,0.03887089714407921,0.019070105627179146,0.027635736390948296,0.012402528896927834,0.0,0.0,0.0,0.0,0.0,0.0,0.0,0.0,0.0,0.0,0.03260863199830055,0.00948869064450264,0.027086056768894196,0.023194314911961555,0.03591354936361313
0,20,0.0005959405098110437,0.06601814180612564,0.03227109834551811,0.040755245834589005,0.020250357687473297,0.0295465849339962,0.011031096801161766,0.0,0.0,0.0,0.0,0.0,0.0,0.0,0.0,0.0,0.0,0.031411733478307724,0.01817869022488594,0.02897801622748375,0.022456029430031776,0.03625158220529556
0,21,0.0008975594537332654,0.06287579238414764,0.028879959136247635,0.05044040083885193,0.026663923636078835,0.029503000900149345,0.011952046304941177,0.0,0.0,0.0,0.0,0.0,0.0,0.0,0.0,0.0,0.0,0.031340643763542175,0.011128634214401245,0.025152530521154404,0.016953468322753906,0.028226545080542564
0,22,0.0006328893359750509,0.06099700182676315,0.029280660673975945,0.044780414551496506,0.019335530698299408,0.025510258972644806,0.012699359096586704,0.0,0.0,0.0,0.0,0.0,0.0,0.0,0.0,0.0,0.0,0.029705746099352837,0.014417055062949657,0.02695012092590332,0.015411866828799248,0.03634704276919365
0,23,0.00531056709587574,0.06602098047733307,0.03341606259346008,0.05249246954917908,0.02320103719830513,0.029367417097091675,0.012642974965274334,0.0,0.0,0.0,0.0,0.0,0.0,0.0,0.0,0.0,0.0,0.032926466315984726,0.01874370686709881,0.028473131358623505,0.011860472150146961,0.02933347597718239
0,24,0.0030712804291397333,0.08772891014814377,0.04770304635167122,0.043866563588380814,0.02059066668152809,0.02742917090654373,0.01841673254966736,0.0,0.0,0.0,0.0,0.0,0.0,0.0,0.0,0.0,0.0,0.03316698968410492,0.01871616579592228,0.02923738583922386,0.027050811797380447,0.038312800228595734
0,25,0.0007858885801397264,0.07144711911678314,0.04836888983845711,0.053242966532707214,0.031417153775691986,0.029918041080236435,0.015482044778764248,0.0,0.0,0.0,0.0,0.0,0.0,0.0,0.0,0.0,0.0,0.03585907071828842,0.011030218563973904,0.026051901280879974,0.020305035635828972,0.03208848088979721
0,26,0.0019691400229930878,0.06276345252990723,0.017536845058202744,0.04748205095529556,0.022706083953380585,0.029287049546837807,0.018449068069458008,0.0,0.0,0.0,0.0,0.0,0.0,0.0,0.0,0.0,0.0,0.0351327508687973,0.013889328576624393,0.026395197957754135,0.020241420716047287,0.03177670016884804
0,27,0.0021093133836984634,0.0502508282661438,0.04129496216773987,0.0441148579120636,0.015998821705579758,0.025584813207387924,0.01660950668156147,0.0,0.0,0.0,0.0,0.0,0.0,0.0,0.0,0.0,0.0,0.03152455389499664,0.012729600071907043,0.024185704067349434,0.01514832116663456,0.028439825400710106
0,28,0.0021339738741517067,0.07613252103328705,0.04132106527686119,0.04846358671784401,0.025311820209026337,0.030650291591882706,0.016572311520576477,0.0,0.0,0.0,0.0,0.0,0.0,0.0,0.0,0.0,0.0,0.03588874638080597,0.01662345603108406,0.028024371713399887,0.014088138937950134,0.030348530039191246
0,29,2.10095622605877e-05,0.0746798887848854,0.03181060776114464,0.04664817079901695,0.022280486300587654,0.02505829557776451,0.010667072609066963,0.0,0.0,0.0,0.0,0.0,0.0,0.0,0.0,0.0,0.0,0.028930284082889557,0.01236115861684084,0.027042828500270844,0.0174214206635952,0.029593780636787415
0,30,0.004038897808641195,0.05768878012895584,0.036802735179662704,0.04056921973824501,0.02056581899523735,0.026721743866801262,0.015826266258955002,0.0,0.0,0.0,0.0,0.0,0.0,0.0,0.0,0.0,0.0,0.03162536025047302,0.012070607393980026,0.025237374007701874,0.017776690423488617,0.02845582738518715
0,31,0.0007267406326718628,0.06851639598608017,0.020430395379662514,0.045602403581142426,0.01719251461327076,0.027030445635318756,0.013066941872239113,0.0,0.0,0.0,0.0,0.0,0.0,0.0,0.0,0.0,0.0,0.02989938110113144,0.017188986763358116,0.025836994871497154,0.023059235885739326,0.034191105514764786
0,32,0.0007480708882212639,0.07812472432851791,0.05328381061553955,0.04868674650788307,0.02402874082326889,0.026135483756661415,0.010412100702524185,0.0,0.0,0.0,0.0,0.0,0.0,0.0,0.0,0.0,0.0,0.029794301837682724,0.01471779402345419,0.02231166511774063,0.014276158064603806,0.025384346023201942
0,33,0.0003903318429365754,0.05644010379910469,0.04237919673323631,0.05483025312423706,0.027218537405133247,0.02716563269495964,0.015842169523239136,0.0,0.0,0.0,0.0,0.0,0.0,0.0,0.0,0.0,0.0,0.031191468238830566,0.010110592469573021,0.024556118994951248,0.01470254734158516,0.03083093836903572
0,34,0.0004277446132618934,0.0599055290222168,0.03743002936244011,0.046626850962638855,0.020502638071775436,0.025681497529149055,0.014005344361066818,0.0,0.0,0.0,0.0,0.0,0.0,0.0,0.0,0.0,0.0,0.027558989822864532,0.012417281046509743,0.02161552757024765,0.015427474863827229,0.03159674257040024
0,35,0.001158260041847825,0.06641586124897003,0.03667411953210831,0.034916236996650696,0.023283205926418304,0.025823121890425682,0.011779705062508583,0.0,0.0,0.0,0.0,0.0,0.0,0.0,0.0,0.0,0.0,0.027481386438012123,0.013067138381302357,0.023719854652881622,0.015598713420331478,0.029994983226060867
0,36,0.001479464117437601,0.06423430144786835,0.029336798936128616,0.044927917420864105,0.02375539019703865,0.02683211676776409,0.011076311580836773,0.0,0.0,0.0,0.0,0.0,0.0,0.0,0.0,0.0,0.0,0.03319776803255081,0.017979027703404427,0.027206650003790855,0.022145358845591545,0.03696275129914284
0,37,0.0016824117628857493,0.06008321791887283,0.03619378060102463,0.04550865292549133,0.01906915195286274,0.02512957900762558,0.010600334033370018,0.0,0.0,0.0,0.0,0.0,0.0,0.0,0.0,0.0,0.0,0.025301493704319,0.017736297100782394,0.021840156987309456,0.010640985332429409,0.022929586470127106
0,38,0.0009541569743305445,0.05740676447749138,0.030402034521102905,0.03831815347075462,0.015851318836212158,0.025049487128853798,0.01138369645923376,0.0,0.0,0.0,0.0,0.0,0.0,0.0,0.0,0.0,0.0,0.029399730265140533,0.014867488294839859,0.025008242577314377,0.021444059908390045,0.03359684720635414
0,39,0.0003128312237095088,0.0609828345477581,0.019648702815175056,0.04110666364431381,0.02126269042491913,0.02869676798582077,0.012968171387910843,0.0,0.0,0.0,0.0,0.0,0.0,0.0,0.0,0.0,0.0,0.030656669288873672,0.010594282299280167,0.02301107533276081,0.014195733703672886,0.027081752195954323
0,40,0.002365034306421876,0.06001842021942139,0.02231844700872898,0.039596207439899445,0.014243455603718758,0.02205229550600052,0.011743295937776566,0.0,0.0,0.0,0.0,0.0,0.0,0.0,0.0,0.0,0.0,0.025907762348651886,0.013017967343330383,0.020639054477214813,0.014684151858091354,0.026533793658018112
0,41,0.003268706612288952,0.06123863533139229,0.04902655631303787,0.04406443610787392,0.02327263541519642,0.02555844746530056,0.014015772379934788,0.0,0.0,0.0,0.0,0.0,0.0,0.0,0.0,0.0,0.0,0.03237246349453926,0.0126795070245862,0.023416170850396156,0.013316662982106209,0.026789501309394836
0,42,0.0009967780206352472,0.05826558545231819,0.03196682780981064,0.0522473081946373,0.03674419969320297,0.028194282203912735,0.011441429145634174,0.0,0.0,0.0,0.0,0.0,0.0,0.0,0.0,0.0,0.0,0.031228406354784966,0.0158601775765419,0.02452893927693367,0.013055349700152874,0.033876560628414154
0,43,6.784967263229191e-05,0.05737971141934395,0.0300433449447155,0.042214736342430115,0.010453297756612301,0.02433808147907257,0.00968605000525713,0.0,0.0,0.0,0.0,0.0,0.0,0.0,0.0,0.0,0.0,0.030047493055462837,0.013952790759503841,0.023109683766961098,0.01947273686528206,0.03312695771455765
0,44,0.0018321152310818434,0.06689971685409546,0.03833220899105072,0.04343685507774353,0.030625563114881516,0.02885974384844303,0.011941209435462952,0.0,0.0,0.0,0.0,0.0,0.0,0.0,0.0,0.0,0.0,0.03256342187523842,0.019263233989477158,0.027557045221328735,0.017804153263568878,0.030723627656698227
0,45,0.0013231899356469512,0.07503395527601242,0.025487707927823067,0.04371760040521622,0.020185358822345734,0.029028326272964478,0.014706626534461975,0.0,0.0,0.0,0.0,0.0,0.0,0.0,0.0,0.0,0.0,0.035152461379766464,0.017196914181113243,0.027815375477075577,0.019743628799915314,0.03138769790530205
0,46,0.00013753579696640372,0.06503752619028091,0.055850800126791,0.05421401932835579,0.027356700971722603,0.028329385444521904,0.01227213628590107,0.0,0.0,0.0,0.0,0.0,0.0,0.0,0.0,0.0,0.0,0.03214023634791374,0.018882451578974724,0.023134347051382065,0.017197147011756897,0.02755218744277954
0,47,0.0017033932963386178,0.06474427878856659,0.05567808076739311,0.0492403544485569,0.017802543938159943,0.027559110894799232,0.015518402680754662,0.0,0.0,0.0,0.0,0.0,0.0,0.0,0.0,0.0,0.0,0.031677231192588806,0.00613584415987134,0.0274688471108675,0.013544069603085518,0.02796667441725731
0,48,0.004475267603993416,0.06770344823598862,0.025148751214146614,0.052612461149692535,0.0294086504727602,0.03011009842157364,0.013383559882640839,0.0,0.0,0.0,0.0,0.0,0.0,0.0,0.0,0.0,0.0,0.031142400577664375,0.012795904651284218,0.026220589876174927,0.01220622193068266,0.028482547029852867
0,49,0.0018041931325569749,0.06309226900339127,0.02003658004105091,0.044923413544893265,0.021097710356116295,0.028323944658041,0.0119220782071352,0.0,0.0,0.0,0.0,0.0,0.0,0.0,0.0,0.0,0.0,0.035800401121377945,0.017793988808989525,0.02748035453259945,0.011897111311554909,0.026271089911460876
0,50,0.001626444049179554,0.0568636879324913,0.03220611438155174,0.03560107201337814,0.016968581825494766,0.024597177281975746,0.011529739946126938,0.0,0.0,0.0,0.0,0.0,0.0,0.0,0.0,0.0,0.0,0.026684751734137535,0.009508568793535233,0.023011671379208565,0.018909431993961334,0.03169670328497887
0,51,0.0008551311329938471,0.061527375131845474,0.040383532643318176,0.04201597347855568,0.02336491271853447,0.026816610246896744,0.01053957361727953,0.0,0.0,0.0,0.0,0.0,0.0,0.0,0.0,0.0,0.0,0.03144748508930206,0.017051031813025475,0.02528556063771248,0.017747383564710617,0.03285953402519226
0,52,0.0017275435384362936,0.06898126006126404,0.032703109085559845,0.03962729498744011,0.020911380648612976,0.02811516635119915,0.011416404508054256,0.0,0.0,0.0,0.0,0.0,0.0,0.0,0.0,0.0,0.0,0.027911918237805367,0.014424125663936138,0.023460499942302704,0.0164044089615345,0.030205324292182922
0,53,0.0005245294305495918,0.056580740958452225,0.024372873827815056,0.03979315608739853,0.024439826607704163,0.030293604359030724,0.01712474785745144,0.0,0.0,0.0,0.0,0.0,0.0,0.0,0.0,0.0,0.0,0.035874880850315094,0.014348337426781654,0.029379598796367645,0.01722951978445053,0.03375431150197983
0,54,0.0036992982495576143,0.0641678050160408,0.041688866913318634,0.05004493519663811,0.02303965575993061,0.02969714254140854,0.014857273548841476,0.0,0.0,0.0,0.0,0.0,0.0,0.0,0.0,0.0,0.0,0.036721713840961456,0.018763277679681778,0.029109815135598183,0.01572103425860405,0.03068978153169155
0,55,0.0014896542998030782,0.0546131394803524,0.0261427890509367,0.0425867959856987,0.014932376332581043,0.026790698990225792,0.011543307453393936,0.0,0.0,0.0,0.0,0.0,0.0,0.0,0.0,0.0,0.0,0.030623789876699448,0.01243970263749361,0.025719845667481422,0.014024832285940647,0.02706417813897133
0,56,0.003382693510502577,0.06497327983379364,0.05007997900247574,0.042189646512269974,0.018500231206417084,0.029240479692816734,0.008693680167198181,0.0,0.0,0.0,0.0,0.0,0.0,0.0,0.0,0.0,0.0,0.03181915730237961,0.019096268340945244,0.02812127210199833,0.015842510387301445,0.03160024806857109
0,57,0.0010982552776113153,0.05545338988304138,0.022025302052497864,0.039993539452552795,0.018705639988183975,0.02726592868566513,0.013923981226980686,0.0,0.0,0.0,0.0,0.0,0.0,0.0,0.0,0.0,0.0,0.034224431961774826,0.014181666076183319,0.027239665389060974,0.015788020566105843,0.03133634477853775
0,58,0.0019218450179323554,0.06819210201501846,0.01727023907005787,0.04020552337169647,0.028635423630475998,0.02561970241367817,0.012975853867828846,0.0,0.0,0.0,0.0,0.0,0.0,0.0,0.0,0.0,0.0,0.03303917124867439,0.0167445819824934,0.02693478949368,0.015106801874935627,0.03274267539381981
0,59,0.00218023918569088,0.06116769462823868,0.028137221932411194,0.045009419322013855,0.02354743704199791,0.029508491978049278,0.01645590178668499,0.0,0.0,0.0,0.0,0.0,0.0,0.0,0.0,0.0,0.0,0.03210214152932167,0.01914171501994133,0.027279159054160118,0.01737791858613491,0.030856695026159286
0,60,0.001749112387187779,0.05722041428089142,0.026564354076981544,0.047026559710502625,0.028299761936068535,0.029103346168994904,0.012821376323699951,0.0,0.0,0.0,0.0,0.0,0.0,0.0,0.0,0.0,0.0,0.031939055770635605,0.01914166286587715,0.026668595150113106,0.017759185284376144,0.02727637253701687
0,61,0.002754946006461978,0.0543089434504509,0.03741089999675751,0.05088185518980026,0.020119816064834595,0.027746617794036865,0.012448527850210667,0.0,0.0,0.0,0.0,0.0,0.0,0.0,0.0,0.0,0.0,0.03353358060121536,0.01843654364347458,0.02642025239765644,0.01790464296936989,0.03139864653348923
0,62,0.0010513236047700047,0.06677155196666718,0.03390248119831085,0.03898457810282707,0.013170287013053894,0.02662269026041031,0.011370345950126648,0.0,0.0,0.0,0.0,0.0,0.0,0.0,0.0,0.0,0.0,0.029063032940030098,0.015442798845469952,0.023523762822151184,0.01386055164039135,0.02567945420742035
0,63,0.0009567075758241117,0.06451281905174255,0.03880557417869568,0.04457451030611992,0.015966005623340607,0.02562076225876808,0.012848859652876854,0.0,0.0,0.0,0.0,0.0,0.0,0.0,0.0,0.0,0.0,0.0318024680018425,0.014610537327826023,0.025146692991256714,0.01667454093694687,0.034454651176929474
0,64,0.0006746850558556616,0.058609697967767715,0.03723916411399841,0.04019949212670326,0.013428817503154278,0.02519008331000805,0.011771466583013535,0.0,0.0,0.0,0.0,0.0,0.0,0.0,0.0,0.0,0.0,0.02859952114522457,0.015619447454810143,0.024377834051847458,0.01204763911664486,0.02474541962146759
0,65,0.002124798484146595,0.057064417749643326,0.03314797952771187,0.040322259068489075,0.020117394626140594,0.028407590463757515,0.011076206341385841,0.0,0.0,0.0,0.0,0.0,0.0,0.0,0.0,0.0,0.0,0.03233757242560387,0.018603883683681488,0.025044847279787064,0.013647069223225117,0.02773762308061123
0,66,0.0008929945179261267,0.06597546488046646,0.026490919291973114,0.043783728033304214,0.018824022263288498,0.02924131602048874,0.011292515322566032,0.0,0.0,0.0,0.0,0.0,0.0,0.0,0.0,0.0,0.0,0.029893316328525543,0.0174278412014246,0.025820530951023102,0.015877440571784973,0.02845020219683647
0,67,0.0002778318303171545,0.05647509545087814,0.022211287170648575,0.04221305623650551,0.025892581790685654,0.025828547775745392,0.011083672754466534,0.0,0.0,0.0,0.0,0.0,0.0,0.0,0.0,0.0,0.0,0.029220469295978546,0.015235564671456814,0.02421383000910282,0.013838238082826138,0.026753177866339684
0,68,0.0020289199892431498,0.06176742538809776,0.0362544059753418,0.039120618253946304,0.020348696038126945,0.02424154058098793,0.009986849501729012,0.0,0.0,0.0,0.0,0.0,0.0,0.0,0.0,0.0,0.0,0.027240579947829247,0.012708241119980812,0.023524148389697075,0.011071797460317612,0.026850435882806778
0,69,0.00016772282833699137,0.05855416879057884,0.028595421463251114,0.02926161140203476,0.010604524053633213,0.020760005339980125,0.008612386882305145,0.0,0.0,0.0,0.0,0.0,0.0,0.0,0.0,0.0,0.0,0.02520151250064373,0.010060546919703484,0.023189904168248177,0.017825745046138763,0.03126766160130501
0,70,0.00038293402758426964,0.061137426644563675,0.02374168671667576,0.04179693013429642,0.0165825467556715,0.02601873129606247,0.01254760380834341,0.0,0.0,0.0,0.0,0.0,0.0,0.0,0.0,0.0,0.0,0.028897562995553017,0.008013276383280754,0.025134051218628883,0.014003826305270195,0.029078006744384766
0,71,0.0009761263499967754,0.05088215693831444,0.046264927834272385,0.04562102258205414,0.0210765041410923,0.026243971660733223,0.009381324984133244,0.0,0.0,0.0,0.0,0.0,0.0,0.0,0.0,0.0,0.0,0.029130645096302032,0.01646077260375023,0.02355882339179516,0.020158331841230392,0.03312114626169205
0,72,0.0005876871873624623,0.044046107679605484,0.04064181447029114,0.037312161177396774,0.019127778708934784,0.0223742313683033,0.009418357163667679,0.0,0.0,0.0,0.0,0.0,0.0,0.0,0.0,0.0,0.0,0.025396816432476044,0.017085358500480652,0.02200552076101303,0.015231151133775711,0.027550647035241127
0,73,0.00020477095677051693,0.07045627385377884,0.02822609432041645,0.0439261868596077,0.021213075146079063,0.027473142370581627,0.010746809653937817,0.0,0.0,0.0,0.0,0.0,0.0,0.0,0.0,0.0,0.0,0.030679775401949883,0.016732333227992058,0.02622104063630104,0.0229034386575222,0.0324099138379097
0,74,0.0010872865095734596,0.05112002417445183,0.021930649876594543,0.04255055636167526,0.01747863180935383,0.02396140806376934,0.013239152729511261,0.0,0.0,0.0,0.0,0.0,0.0,0.0,0.0,0.0,0.0,0.026131300255656242,0.019051305949687958,0.02154400385916233,0.016283784061670303,0.026405304670333862
0,75,0.0010751491645351052,0.05652043968439102,0.03755414858460426,0.04227675125002861,0.021477222442626953,0.023670358583331108,0.008903568610548973,0.0,0.0,0.0,0.0,0.0,0.0,0.0,0.0,0.0,0.0,0.025827808305621147,0.014754287898540497,0.023802749812602997,0.01711978390812874,0.030659347772598267
0,76,0.0014028488658368587,0.06248088181018829,0.026225145906209946,0.044494614005088806,0.020133424550294876,0.026405874639749527,0.011054690927267075,0.0,0.0,0.0,0.0,0.0,0.0,0.0,0.0,0.0,0.0,0.03052661195397377,0.015206663869321346,0.024485087022185326,0.009714034385979176,0.024028757587075233
0,77,0.004101511090993881,0.05695457383990288,0.019617171958088875,0.041565608233213425,0.019175224006175995,0.02400217391550541,0.009837308898568153,0.0,0.0,0.0,0.0,0.0,0.0,0.0,0.0,0.0,0.0,0.026077711954712868,0.012994051910936832,0.02319696545600891,0.011735989712178707,0.024332523345947266
0,78,0.0006745239370502532,0.057712092995643616,0.03616980090737343,0.043182551860809326,0.021915042772889137,0.02495250105857849,0.012885140255093575,0.0,0.0,0.0,0.0,0.0,0.0,0.0,0.0,0.0,0.0,0.030450649559497833,0.020951662212610245,0.026701878756284714,0.02021179534494877,0.032358117401599884
0,79,0.0014583176234737039,0.05728200450539589,0.048264242708683014,0.04442419484257698,0.02341986820101738,0.0261699091643095,0.012152246199548244,0.0,0.0,0.0,0.0,0.0,0.0,0.0,0.0,0.0,0.0,0.02850678563117981,0.010085761547088623,0.024101005867123604,0.014646125957369804,0.02674664556980133
0,80,0.0007047744584269822,0.05376220494508743,0.024029528722167015,0.0299867894500494,0.012938779778778553,0.019249873235821724,0.006548330653458834,0.0,0.0,0.0,0.0,0.0,0.0,0.0,0.0,0.0,0.0,0.021116435527801514,0.01121443323791027,0.01845913752913475,0.015346011146903038,0.025872355327010155
0,81,0.0016765237087383866,0.05665753409266472,0.03810756653547287,0.051951490342617035,0.022641725838184357,0.027199262753129005,0.01200075913220644,0.0,0.0,0.0,0.0,0.0,0.0,0.0,0.0,0.0,0.0,0.031116770580410957,0.012859788723289967,0.023458536714315414,0.014023425057530403,0.026491105556488037
0,82,0.010500921867787838,0.19321957230567932,0.11188176274299622,0.13005870580673218,0.07777438312768936,0.08054307103157043,0.04319201782345772,0.0,0.0,0.0,0.0,0.0,0.0,0.0,0.0,0.0,0.0,0.0901385098695755,0.04580823332071304,0.07607254385948181,0.04677277058362961,0.07189901918172836
1,0,0.00045483739813789725,0.059690702706575394,0.03090186044573784,0.03922664374113083,0.023362690582871437,0.024004850536584854,0.010160363279283047,0.0,0.0,0.0,0.0,0.0,0.0,0.0,0.0,0.0,0.0,0.02660120464861393,0.010873664170503616,0.024017391726374626,0.017437618225812912,0.02970130369067192
1,1,0.0024555339477956295,0.037386585026979446,0.02342413179576397,0.0384761281311512,0.01565556973218918,0.02129555493593216,0.011803893372416496,0.0,0.0,0.0,0.0,0.0,0.0,0.0,0.0,0.0,0.0,0.025421371683478355,0.01425462681800127,0.020487042143940926,0.01792927458882332,0.029955197125673294
1,2,0.001439243322238326,0.04849805682897568,0.04242217168211937,0.04395487159490585,0.025737762451171875,0.0249277763068676,0.009935949929058552,0.0,0.0,0.0,0.0,0.0,0.0,0.0,0.0,0.0,0.0,0.0245438851416111,0.011754128150641918,0.02142971009016037,0.016893165186047554,0.03584916517138481
1,3,0.0010152386967092752,0.05022351071238518,0.0324845165014267,0.04191888868808746,0.02399018220603466,0.024063048884272575,0.012606159783899784,0.0,0.0,0.0,0.0,0.0,0.0,0.0,0.0,0.0,0.0,0.02824299782514572,0.00976836122572422,0.022855244576931,0.014865738339722157,0.026070356369018555
1,4,0.0013799509033560753,0.054006751626729965,0.0456458143889904,0.04048297926783562,0.01607682555913925,0.023900900036096573,0.01165170781314373,0.0,0.0,0.0,0.0,0.0,0.0,0.0,0.0,0.0,0.0,0.028207264840602875,0.01489778608083725,0.02113383263349533,0.01782768778502941,0.029470527544617653
1,5,0.0003226047265343368,0.05450545251369476,0.026561416685581207,0.03778703510761261,0.021409686654806137,0.022077538073062897,0.01007294375449419,0.0,0.0,0.0,0.0,0.0,0.0,0.0,0.0,0.0,0.0,0.025186806917190552,0.01239770743995905,0.023459196090698242,0.013901803642511368,0.030770033597946167
1,6,0.0012807202292606235,0.06704283505678177,0.0302823968231678,0.041754670441150665,0.018103301525115967,0.025398453697562218,0.009819782339036465,0.0,0.0,0.0,0.0,0.0,0.0,0.0,0.0,0.0,0.0,0.028234273195266724,0.011179167777299881,0.022686319425702095,0.014832240529358387,0.022204149514436722
1,7,2.2264463041210547e-05,0.06357863545417786,0.027247518301010132,0.04360033944249153,0.02526852861046791,0.0266469344496727,0.011301206424832344,0.0,0.0,0.0,0.0,0.0,0.0,0.0,0.0,0.0,0.0,0.03074120730161667,0.016217702999711037,0.02870703674852848,0.01395771186798811,0.031484611332416534
1,8,0.0011517963139340281,0.053603339940309525,0.0358634777367115,0.039229657500982285,0.018886510282754898,0.023931391537189484,0.011692441999912262,0.0,0.0,0.0,0.0,0.0,0.0,0.0,0.0,0.0,0.0,0.026911135762929916,0.015556171536445618,0.02182917483150959,0.014335723593831062,0.028894294053316116
1,9,0.00046983148786239326,0.06051257252693176,0.022368421778082848,0.04180791601538658,0.022661278024315834,0.026346206665039062,0.013223903253674507,0.0,0.0,0.0,0.0,0.0,0.0,0.0,0.0,0.0,0.0,0.02802286297082901,0.00685291551053524,0.02281150594353676,0.010813679546117783,0.026346007362008095
1,10,0.0015555081190541387,0.047716524451971054,0.039214760065078735,0.0396047979593277,0.021041277796030045,0.024590101093053818,0.008603761903941631,0.0,0.0,0.0,0.0,0.0,0.0,0.0,0.0,0.0,0.0,0.027691636234521866,0.014482013881206512,0.02222742699086666,0.017035700380802155,0.030301684513688087
1,11,0.0012943471083417535,0.044952455908060074,0.02564758062362671,0.04162760078907013,0.014810975641012192,0.02394525147974491,0.009367153979837894,0.0,0.0,0.0,0.0,0.0,0.0,0.0,0.0,0.0,0.0,0.025995660573244095,0.016047637909650803,0.022667016834020615,0.013655499555170536,0.02915937267243862
1,12,0.0007559017976745963,0.03848550096154213,0.014574774540960789,0.027841418981552124,0.01681959070265293,0.022713836282491684,0.00965735875070095,0.0,0.0,0.0,0.0,0.0,0.0,0.0,0.0,0.0,0.0,0.025864893570542336,0.015408627688884735,0.024702031165361404,0.014153474941849709,0.028804805129766464
1,13,0.001834837137721479,0.05521949753165245,0.02021162025630474,0.03871019557118416,0.013776373118162155,0.023185407742857933,0.011683939024806023,0.0,0.0,0.0,0.0,0.0,0.0,0.0,0.0,0.0,0.0,0.027604155242443085,0.012724283151328564,0.023751186206936836,0.013735480606555939,0.02931136265397072
1,14,0.00046118642785586417,0.042568303644657135,0.021786946803331375,0.03314927965402603,0.02021365612745285,0.021875260397791862,0.010449736379086971,0.0,0.0,0.0,0.0,0.0,0.0,0.0,0.0,0.0,0.0,0.02400473691523075,0.012036146596074104,0.020993547514081,0.016797473654150963,0.031248804181814194
1,15,0.002156311646103859,0.04884897172451019,0.06691262125968933,0.045669157058000565,0.01906673051416874,0.024986572563648224,0.012671936303377151,0.0,0.0,0.0,0.0,0.0,0.0,0.0,0.0,0.0,0.0,0.029374191537499428,0.014418721199035645,0.022718437016010284,0.012014541774988174,0.026124898344278336
1,16,0.0002109254855895415,0.05700927972793579,0.025777453556656837,0.036513060331344604,0.01598876528441906,0.022914906963706017,0.008195268921554089,0.0,0.0,0.0,0.0,0.0,0.0,0.0,0.0,0.0,0.0,0.025924930348992348,0.01565367728471756,0.022396232932806015,0.012346980161964893,0.027979707345366478
1,17,0.0010413206182420254,0.055002611130476,0.024651501327753067,0.042957548052072525,0.02127043344080448,0.02460421994328499,0.007486126385629177,0.0,0.0,0.0,0.0,0.0,0.0,0.0,0.0,0.0,0.0,0.02530730329453945,0.012361366301774979,0.022564822807908058,0.017054501920938492,0.0321519561111927
1,18,5.847939246450551e-05,0.06119854748249054,0.04344300180673599,0.045927293598651886,0.01790386438369751,0.024864351376891136,0.009964682161808014,0.0,0.0,0.0,0.0,0.0,0.0,0.0,0.0,0.0,0.0,0.028607405722141266,0.018062293529510498,0.02427256479859352,0.020739823579788208,0.034349650144577026
1,19,0.002020113402977586,0.050613075494766235,0.023709401488304138,0.041249558329582214,0.015942879021167755,0.023514023050665855,0.009152477607131004,0.0,0.0,0.0,0.0,0.0,0.0,0.0,0.0,0.0,0.0,0.02672288939356804,0.012381219305098057,0.024564465507864952,0.01669895090162754,0.030850190669298172
1,20,0.0006322063272818923,0.0472555011510849,0.03029259666800499,0.03484746068716049,0.02185649797320366,0.023901842534542084,0.008267194963991642,0.0,0.0,0.0,0.0,0.0,0.0,0.0,0.0,0.0,0.0,0.0247492752969265,0.012080398388206959,0.02362556755542755,0.020329436287283897,0.03157609701156616
1,21,0.0013676767703145742,0.05019035190343857,0.03493291884660721,0.04759904369711876,0.020227856934070587,0.025962544605135918,0.011066021397709846,0.0,0.0,0.0,0.0,0.0,0.0,0.0,0.0,0.0,0.0,0.02741316705942154,0.012950708158314228,0.02302984707057476,0.016111010685563087,0.028865337371826172
1,22,0.0006151894340291619,0.050175197422504425,0.0460868775844574,0.03804980590939522,0.01816553995013237,0.022983498871326447,0.009956819005310535,0.0,0.0,0.0,0.0,0.0,0.0,0.0,0.0,0.0,0.0,0.027137812227010727,0.011323418468236923,0.02453461103141308,0.01507981400936842,0.035326678305864334
1,23,0.0018974439008161426,0.05353204905986786,0.030837494879961014,0.04013108089566231,0.02919682115316391,0.027201740071177483,0.01128385029733181,0.0,0.0,0.0,0.0,0.0,0.0,0.0,0.0,0.0,0.0,0.03040148876607418,0.01854424551129341,0.025778362527489662,0.01165149174630642,0.027779435738921165
1,24,0.001881150878034532,0.051852405071258545,0.045651666820049286,0.04406793415546417,0.022033045068383217,0.023379944264888763,0.010810401290655136,0.0,0.0,0.0,0.0,0.0,0.0,0.0,0.0,0.0,0.0,0.02793733961880207,0.012657062150537968,0.024394944310188293,0.022407811135053635,0.03642546012997627
1,25,9.935912385117263e-05,0.04645508900284767,0.017333567142486572,0.03690505772829056,0.014095183461904526,0.024019410833716393,0.010380243882536888,0.0,0.0,0.0,0.0,0.0,0.0,0.0,0.0,0.0,0.0,0.02798042632639408,0.016313757747411728,0.02307046763598919,0.013736366294324398,0.029224896803498268
1,26,0.0019585241097956896,0.052497413009405136,0.016924649477005005,0.03713624179363251,0.018357515335083008,0.022512540221214294,0.011800413951277733,0.0,0.0,0.0,0.0,0.0,0.0,0.0,0.0,0.0,0.0,0.026153564453125,0.009577088989317417,0.021942703053355217,0.018263455480337143,0.03081604838371277
1,27,0.001669065561145544,0.04498595371842384,0.03173414617776871,0.04139963164925575,0.01667099818587303,0.02526029199361801,0.012649334967136383,0.0,0.0,0.0,0.0,0.0,0.0,0.0,0.0,0.0,0.0,0.028966009616851807,0.012393688783049583,0.024692755192518234,0.012067126110196114,0.02981364168226719
1,28,0.0006873852107673883,0.055534977465867996,0.045949630439281464,0.04282132908701897,0.021675724536180496,0.02577834762632847,0.013393912464380264,0.0,0.0,0.0,0.0,0.0,0.0,0.0,0.0,0.0,0.0,0.028889920562505722,0.016645096242427826,0.02457387000322342,0.012521706521511078,0.030048176646232605
1,29,0.0012656677281484008,0.04385501518845558,0.026470229029655457,0.04021155461668968,0.014386827126145363,0.02185114659368992,0.009807075373828411,0.0,0.0,0.0,0.0,0.0,0.0,0.0,0.0,0.0,0.0,0.02498605102300644,0.010675566270947456,0.022598261013627052,0.012562942691147327,0.02648988738656044
1,30,0.00021980490419082344,0.051316067576408386,0.03157057240605354,0.03580871596932411,0.02131192572414875,0.021997643634676933,0.010652919299900532,0.0,0.0,0.0,0.0,0.0,0.0,0.0,0.0,0.0,0.0,0.026886403560638428,0.012237324379384518,0.02189486287534237,0.014027217403054237,0.027638917788863182
1,31,0.003740944666787982,0.05217849090695381,0.024841174483299255,0.039367370307445526,0.022358465939760208,0.022713975980877876,0.009338632225990295,0.0,0.0,0.0,0.0,0.0,0.0,0.0,0.0,0.0,0.0,0.02707684226334095,0.013527467846870422,0.021331073716282845,0.019874481484293938,0.03263156861066818
1,32,0.0008953310898505151,0.04769345745444298,0.027092959731817245,0.03850453346967697,0.018415452912449837,0.023256726562976837,0.012456420809030533,0.0,0.0,0.0,0.0,0.0,0.0,0.0,0.0,0.0,0.0,0.025981660932302475,0.015261460095643997,0.020902983844280243,0.010100590996444225,0.022194039076566696
1,33,0.0015485468320548534,0.05061474069952965,0.023967377841472626,0.03582300245761871,0.01753036119043827,0.02064579911530018,0.009532801806926727,0.0,0.0,0.0,0.0,0.0,0.0,0.0,0.0,0.0,0.0,0.026200849562883377,0.011515650898218155,0.02184465527534485,0.016140175983309746,0.02976170741021633
1,34,0.002294989302754402,0.04967896640300751,0.031152615323662758,0.035378966480493546,0.024030596017837524,0.023001637309789658,0.01287115179002285,0.0,0.0,0.0,0.0,0.0,0.0,0.0,0.0,0.0,0.0,0.025696244090795517,0.017003050073981285,0.021125294268131256,0.014821993187069893,0.0335615836083889
1,35,0.000147792772622779,0.043892115354537964,0.03172868490219116,0.03713013604283333,0.011217290535569191,0.020684951916337013,0.008228869177401066,0.0,0.0,0.0,0.0,0.0,0.0,0.0,0.0,0.0,0.0,0.024986743927001953,0.01099164504557848,0.024506088346242905,0.020434491336345673,0.03086252510547638
1,36,0.0013607359724119306,0.049434807151556015,0.01940133422613144,0.039781320840120316,0.022115830332040787,0.025874217972159386,0.01050583366304636,0.0,0.0,0.0,0.0,0.0,0.0,0.0,0.0,0.0,0.0,0.028697477653622627,0.012963207438588142,0.023988790810108185,0.015514731407165527,0.031391967087984085
1,37,9.856832912191749e-05,0.041243862360715866,0.03536505997180939,0.03553329408168793,0.01554017886519432,0.022172031924128532,0.009359598159790039,0.0,0.0,0.0,0.0,0.0,0.0,0.0,0.0,0.0,0.0,0.023452481254935265,0.012354203499853611,0.01907777041196823,0.011756118386983871,0.02454337105154991
1,38,0.0019266935996711254,0.05393778532743454,0.03114580363035202,0.03365562856197357,0.012376293540000916,0.02167362906038761,0.011858136393129826,0.0,0.0,0.0,0.0,0.0,0.0,0.0,0.0,0.0,0.0,0.027153221890330315,0.011373873800039291,0.023243173956871033,0.016941778361797333,0.029821272939443588
1,39,0.0006571965059265494,0.0551183819770813,0.0190074872225523,0.032821182161569595,0.019798414781689644,0.02267320454120636,0.014017058536410332,0.0,0.0,0.0,0.0,0.0,0.0,0.0,0.0,0.0,0.0,0.026611201465129852,0.008123801089823246,0.02136095054447651,0.012062129564583302,0.025096341967582703
1,40,0.0005052735796198249,0.0438503697514534,0.03796934336423874,0.03693918138742447,0.023174624890089035,0.020824464038014412,0.0120910769328475,0.0,0.0,0.0,0.0,0.0,0.0,0.0,0.0,0.0,0.0,0.024655122309923172,0.009950701147317886,0.019959624856710434,0.012496180832386017,0.025738805532455444
1,41,0.0005647665821015835,0.049249645322561264,0.03311867639422417,0.039092760533094406,0.011318327859044075,0.022752903401851654,0.009335904382169247,0.0,0.0,0.0,0.0,0.0,0.0,0.0,0.0,0.0,0.0,0.02646327205002308,0.011607825756072998,0.019872542470693588,0.012038319371640682,0.026199985295534134
1,42,5.221325409365818e-05,0.05183414742350578,0.024069692939519882,0.039127904921770096,0.029622208327054977,0.02358362078666687,0.007598003372550011,0.0,0.0,0.0,0.0,0.0,0.0,0.0,0.0,0.0,0.0,0.025811776518821716,0.01504429429769516,0.021471980959177017,0.01377794612199068,0.03225167840719223
1,43,5.3632906201528385e-05,0.04526275396347046,0.027950458228588104,0.03474001958966255,0.01777203381061554,0.02319987490773201,0.010219407267868519,0.0,0.0,0.0,0.0,0.0,0.0,0.0,0.0,0.0,0.0,0.025444984436035156,0.01762533001601696,0.021338393911719322,0.016992678865790367,0.03159206733107567
1,44,0.00046598276821896434,0.05400869995355606,0.03058057837188244,0.03562438115477562,0.024292832240462303,0.022589651867747307,0.012515521608293056,0.0,0.0,0.0,0.0,0.0,0.0,0.0,0.0,0.0,0.0,0.026146646589040756,0.018701551482081413,0.024889416992664337,0.0172759760171175,0.03034800849854946
1,45,0.0005723249050788581,0.05017771199345589,0.03736269846558571,0.04287866875529289,0.015046507120132446,0.023424530401825905,0.011272624135017395,0.0,0.0,0.0,0.0,0.0,0.0,0.0,0.0,0.0,0.0,0.03057778626680374,0.013469398021697998,0.02591719478368759,0.013150171376764774,0.029096299782395363
1,46,0.0006360144470818341,0.047615181654691696,0.04820756986737251,0.04489164054393768,0.024843992665410042,0.0235787034034729,0.010487361811101437,0.0,0.0,0.0,0.0,0.0,0.0,0.0,0.0,0.0,0.0,0.025409532710909843,0.009889076463878155,0.020295865833759308,0.015415429137647152,0.028487350791692734
1,47,0.00017363775987178087,0.04481889680027962,0.020636223256587982,0.0407554991543293,0.018800336867570877,0.02380218915641308,0.01221294142305851,0.0,0.0,0.0,0.0,0.0,0.0,0.0,0.0,0.0,0.0,0.028114089742302895,0.008097684942185879,0.024677960202097893,0.012194820679724216,0.027162492275238037
1,48,0.0005336381145752966,0.05790655314922333,0.02178669534623623,0.04248153418302536,0.019580552354454994,0.026205524802207947,0.009974554181098938,0.0,0.0,0.0,0.0,0.0,0.0,0.0,0.0,0.0,0.0,0.026927605271339417,0.012714503332972527,0.024378156289458275,0.01136230118572712,0.028725460171699524
1,49,0.0016099624335765839,0.05945611745119095,0.013292321935296059,0.04271360859274864,0.026615560054779053,0.025738753378391266,0.01111114677041769,0.0,0.0,0.0,0.0,0.0,0.0,0.0,0.0,0.0,0.0,0.02767942287027836,0.016381368041038513,0.023753542453050613,0.008286849595606327,0.02501293458044529
1,50,0.0007417197921313345,0.057712145149707794,0.028564313426613808,0.0389617457985878,0.016051961109042168,0.020830102264881134,0.011709773913025856,0.0,0.0,0.0,0.0,0.0,0.0,0.0,0.0,0.0,0.0,0.02505214884877205,0.009564312174916267,0.022272460162639618,0.01944122090935707,0.033986080437898636
1,51,0.0005581836448982358,0.043100714683532715,0.030211767181754112,0.03587309271097183,0.017591243609786034,0.022692937403917313,0.009521800093352795,0.0,0.0,0.0,0.0,0.0,0.0,0.0,0.0,0.0,0.0,0.02582474984228611,0.012088889256119728,0.02251526713371277,0.016281258314847946,0.03546479716897011
1,52,0.0011188359931111336,0.05153216794133186,0.023674802854657173,0.041928377002477646,0.022118009626865387,0.02409210056066513,0.013069236651062965,0.0,0.0,0.0,0.0,0.0,0.0,0.0,0.0,0.0,0.0,0.0263866875320673,0.01303098164498806,0.02135453000664711,0.0163438580930233,0.029580112546682358
1,53,0.0005258035962469876,0.04709373787045479,0.03011254407465458,0.036826565861701965,0.016981229186058044,0.024380143731832504,0.009977106004953384,0.0,0.0,0.0,0.0,0.0,0.0,0.0,0.0,0.0,0.0,0.02871585264801979,0.00991953443735838,0.024281097576022148,0.01675422489643097,0.0347924530506134
1,54,0.0011275181313976645,0.05516389384865761,0.028352156281471252,0.04478905349969864,0.03101717308163643,0.027796946465969086,0.009169230237603188,0.0,0.0,0.0,0.0,0.0,0.0,0.0,0.0,0.0,0.0,0.028878509998321533,0.012112121097743511,0.022261345759034157,0.010536039248108864,0.02780008874833584
1,55,0.0006475975387729704,0.050633251667022705,0.016275789588689804,0.035629063844680786,0.020687701180577278,0.024098603054881096,0.012020041234791279,0.0,0.0,0.0,0.0,0.0,0.0,0.0,0.0,0.0,0.0,0.02618725411593914,0.011393940076231956,0.02243274450302124,0.014639557339251041,0.02891552820801735
1,56,0.0019744555465877056,0.05762353911995888,0.028000326827168465,0.04171057790517807,0.016408711671829224,0.023314151912927628,0.006958947982639074,0.0,0.0,0.0,0.0,0.0,0.0,0.0,0.0,0.0,0.0,0.024014005437493324,0.012543988414108753,0.021763794124126434,0.011090682819485664,0.031186187639832497
1,57,0.0003902869939338416,0.051807042211294174,0.038297828286886215,0.04007856175303459,0.020978201180696487,0.025312623009085655,0.009336009621620178,0.0,0.0,0.0,0.0,0.0,0.0,0.0,0.0,0.0,0.0,0.02683224342763424,0.013422762043774128,0.022843820974230766,0.01354479044675827,0.02853482961654663
1,58,0.0020369926933199167,0.04911504685878754,0.03015420213341713,0.03693346306681633,0.020659267902374268,0.025682978332042694,0.011002713814377785,0.0,0.0,0.0,0.0,0.0,0.0,0.0,0.0,0.0,0.0,0.028924060985445976,0.009526682086288929,0.023460043594241142,0.015680616721510887,0.03738047182559967
1,59,0.00027870642952620983,0.05075322836637497,0.03441464900970459,0.03903372958302498,0.021654359996318817,0.025654219090938568,0.01157121267169714,0.0,0.0,0.0,0.0,0.0,0.0,0.0,0.0,0.0,0.0,0.027279429137706757,0.014909809455275536,0.0249779149889946,0.015517163090407848,0.03037041425704956
1,60,0.0012074066326022148,0.04923945665359497,0.030534613877534866,0.03968719393014908,0.022176874801516533,0.024884596467018127,0.013390185311436653,0.0,0.0,0.0,0.0,0.0,0.0,0.0,0.0,0.0,0.0,0.029804488644003868,0.012066726572811604,0.022286180406808853,0.015023855492472649,0.026185940951108932
1,61,0.0017061319667845964,0.05335868149995804,0.032807476818561554,0.046428829431533813,0.021257422864437103,0.024979084730148315,0.011431090533733368,0.0,0.0,0.0,0.0,0.0,0.0,0.0,0.0,0.0,0.0,0.028044678270816803,0.016332563012838364,0.023058844730257988,0.016752982512116432,0.02868027053773403
1,62,8.980861457530409e-05,0.04199734330177307,0.01927373558282852,0.03793277218937874,0.012703419663012028,0.02099510096013546,0.009224381297826767,0.0,0.0,0.0,0.0,0.0,0.0,0.0,0.0,0.0,0.0,0.02465781383216381,0.011781980283558369,0.021048463881015778,0.01255248486995697,0.02614559605717659
1,63,0.0008547280449420214,0.062219779938459396,0.03377370908856392,0.041302070021629333,0.019500289112329483,0.024696163833141327,0.013612430542707443,0.0,0.0,0.0,0.0,0.0,0.0,0.0,0.0,0.0,0.0,0.030714618042111397,0.013899186626076698,0.025282207876443863,0.014735747128725052,0.03196127340197563
1,64,0.00037790011265315115,0.05462780222296715,0.02893296256661415,0.04193323850631714,0.022054782137274742,0.026158155873417854,0.01101413369178772,0.0,0.0,0.0,0.0,0.0,0.0,0.0,0.0,0.0,0.0,0.02758750319480896,0.014460710808634758,0.023840179666876793,0.011480292305350304,0.02304406464099884
1,65,0.0002672792470548302,0.05154954269528389,0.031469494104385376,0.03991749510169029,0.01661953702569008,0.02224046178162098,0.010359494015574455,0.0,0.0,0.0,0.0,0.0,0.0,0.0,0.0,0.0,0.0,0.025844765827059746,0.015518799424171448,0.022366784512996674,0.010832328349351883,0.028395209461450577
1,66,0.0018455629469826818,0.04803093895316124,0.031131768599152565,0.037017472088336945,0.019783789291977882,0.023373739793896675,0.0075002326630055904,0.0,0.0,0.0,0.0,0.0,0.0,0.0,0.0,0.0,0.0,0.02719508484005928,0.009976936504244804,0.02340530976653099,0.012085137888789177,0.024691682308912277
1,67,0.0015004717279225588,0.050060711801052094,0.04051610082387924,0.038659222424030304,0.01886085607111454,0.024936623871326447,0.008251748979091644,0.0,0.0,0.0,0.0,0.0,0.0,0.0,0.0,0.0,0.0,0.02648511342704296,0.014517618343234062,0.02344762347638607,0.009869115427136421,0.02766226790845394
1,68,0.0017294272547587752,0.05495072528719902,0.02514716424047947,0.04642466828227043,0.018518691882491112,0.022826431319117546,0.010196885094046593,0.0,0.0,0.0,0.0,0.0,0.0,0.0,0.0,0.0,0.0,0.02587110549211502,0.010046014562249184,0.02191510982811451,0.010806712321937084,0.025651395320892334
1,69,0.00040301503031514585,0.053276386111974716,0.01795118674635887,0.03097614273428917,0.01132208202034235,0.01902054063975811,0.007770441006869078,0.0,0.0,0.0,0.0,0.0,0.0,0.0,0.0,0.0,0.0,0.02295687608420849,0.008943982422351837,0.02254626527428627,0.0177129078656435,0.029505014419555664
1,70,0.0014882722171023488,0.0443379208445549,0.023611564189195633,0.0491567999124527,0.021682020276784897,0.023790471255779266,0.012044806033372879,0.0,0.0,0.0,0.0,0.0,0.0,0.0,0.0,0.0,0.0,0.02696327306330204,0.010440729558467865,0.02500295452773571,0.01402976457029581,0.02698996663093567
1,71,0.00074756023241207,0.050833214074373245,0.03670047968626022,0.03813347592949867,0.019082576036453247,0.023463981226086617,0.009797249920666218,0.0,0.0,0.0,0.0,0.0,0.0,0.0,0.0,0.0,0.0,0.027392856776714325,0.01231477316468954,0.02313358150422573,0.019143756479024887,0.03566393628716469
1,72,0.0005858944496139884,0.050863467156887054,0.02242760732769966,0.029239756986498833,0.01583077386021614,0.01924174651503563,0.008402672596275806,0.0,0.0,0.0,0.0,0.0,0.0,0.0,0.0,0.0,0.0,0.022798597812652588,0.013299278914928436,0.020704740658402443,0.01238050777465105,0.026307323947548866
1,73,0.00013155136548448354,0.0611594058573246,0.0504068061709404,0.042843591421842575,0.017059149220585823,0.025734663009643555,0.0104123055934906,0.0,0.0,0.0,0.0,0.0,0.0,0.0,0.0,0.0,0.0,0.030070189386606216,0.012949295341968536,0.02469339221715927,0.01798333413898945,0.03133497014641762
1,74,0.0015455848770216107,0.039684902876615524,0.027289224788546562,0.03717035800218582,0.017880743369460106,0.023613376542925835,0.010304257273674011,0.0,0.0,0.0,0.0,0.0,0.0,0.0,0.0,0.0,0.0,0.02505416050553322,0.016998834908008575,0.02077478915452957,0.01392046082764864,0.02493106573820114
1,75,0.0009153851424343884,0.055402353405952454,0.028068434447050095,0.04204414412379265,0.02212052419781685,0.023863157257437706,0.012355126440525055,0.0,0.0,0.0,0.0,0.0,0.0,0.0,0.0,0.0,0.0,0.027792364358901978,0.013813098892569542,0.023582208901643753,0.016238484531641006,0.03466397523880005
1,76,0.0016558219213038683,0.04507211595773697,0.03579648584127426,0.038461025804281235,0.015910787507891655,0.023047585040330887,0.01241691131144762,0.0,0.0,0.0,0.0,0.0,0.0,0.0,0.0,0.0,0.0,0.028581738471984863,0.012416920624673367,0.024321245029568672,0.009863593615591526,0.02740722894668579
1,77,6.358344398904592e-05,0.05505868047475815,0.020621338859200478,0.04276187717914581,0.023692164570093155,0.024167604744434357,0.008664246648550034,0.0,0.0,0.0,0.0,0.0,0.0,0.0,0.0,0.0,0.0,0.0279032364487648,0.01334600429981947,0.02317078784108162,0.011035294272005558,0.02248932234942913
1,78,0.00015300996892619878,0.04502885416150093,0.025814741849899292,0.03726506605744362,0.01917143724858761,0.023221703246235847,0.010711931623518467,0.0,0.0,0.0,0.0,0.0,0.0,0.0,0.0,0.0,0.0,0.0279831662774086,0.011889930814504623,0.0243518203496933,0.018977465108036995,0.0319051668047905
1,79,0.002704265993088484,0.04773939028382301,0.008743219077587128,0.030948953703045845,0.02537800371646881,0.023077113553881645,0.009076551534235477,0.0,0.0,0.0,0.0,0.0,0.0,0.0,0.0,0.0,0.0,0.027240697294473648,0.011688265949487686,0.02397959493100643,0.01787038892507553,0.026044273748993874
1,80,0.0016198245575651526,0.05295628309249878,0.021964993327856064,0.03125029057264328,0.014862031675875187,0.021113719791173935,0.007769376039505005,0.0,0.0,0.0,0.0,0.0,0.0,0.0,0.0,0.0,0.0,0.023879874497652054,0.011537657119333744,0.020040882751345634,0.014216241426765919,0.027360254898667336
1,81,0.0004234006046317518,0.06239429488778114,0.023608483374118805,0.03670232743024826,0.020200766623020172,0.024569213390350342,0.012779103592038155,0.0,0.0,0.0,0.0,0.0,0.0,0.0,0.0,0.0,0.0,0.027862923219799995,0.009932716377079487,0.02217850089073181,0.012987629510462284,0.027846014127135277
1,82,0.003152576508000493,0.18037532269954681,0.057963598519563675,0.12664225697517395,0.08426395058631897,0.08219432085752487,0.039115168154239655,0.0,0.0,0.0,0.0,0.0,0.0,0.0,0.0,0.0,0.0,0.09996097534894943,0.05403739586472511,0.07306765019893646,0.04047923907637596,0.073348268866539
